,Training Loss,Validation Loss,Test Loss
0.1,0.2609051426966157,0.2619227957036515,0.25386279445344495
2.0,0.25850357269776436,0.26475085117458813,0.2554848851559156
32.0,0.25843563382602225,0.2651992146045544,0.2558452528236669
