,Training Loss,Validation Loss,Test Loss
no_sentiment,0.2719344963107396,0.2612439226074381,0.2731384254475694
with_sentiment,0.2683571902336578,0.26018394784215226,0.2713715912534459
