,Training Loss,Validation Loss,Test Loss
0.1,0.26659380248177633,0.2547519308658261,0.26422326344346564
0.4,0.26136767938594574,0.2541000193946691,0.26305876772488157
2.0,0.25834815474471956,0.2555459247165782,0.264164856060745
32.0,0.25720540542303494,0.2577507626101443,0.2663394805404687
