,Training Loss,Validation Loss,Test Loss
0.1,0.26645954831445895,0.2680961417044681,0.26149617258511537
2.0,0.26459566207914254,0.2710001927203914,0.26365362741069537
32.0,0.26457621649684876,0.27153818331243246,0.26406437901997765
